Workbook

Sheet Rezultati
A1: User | B1: Osnovna linearna jednadžba | C1: Newtonov zakon | D1: Einsteinova formula | E1: Gustoća | F1: Idealni plinski zakon | G1: Pitagorin poučak | H1: Kvadrat zbroja | I1: Diferencijalni račun | J1: Kvadratna jednadžba s korijenom | K1: Napredni termodinamički omjer | L1: Pixeli kamere | M1: Verzija androida | N1: Prosječna ocjena
A2: Osoba1 | B2: 5 | C2: 5 | D2: 2 | E2: 5 | F2: 4 | G2: 2 | H2: 2 | I2: 3 | J2: 1 | K2: 1 | L2: 12 MPix | M2: Android 10 | N2: =AVERAGE(B2:K2) -> 3
A3: Osoba2 | B3: 5 | C3: 5 | D3: 5 | E3: 5 | F3: 5 | G3: 5 | H3: 5 | I3: 5 | J3: 4 | K3: 4 | L3: 64 MPix | M3: Android 14 | N3: =AVERAGE(B3:K3) -> 4.8
A4: Osoba3 | B4: 4 | C4: 4 | D4: 3 | E4: 4 | F4: 4 | G4: 2 | H4: 3 | I4: 3 | J4: 2 | K4: 2 | L4: 48 MPix | M4: Android 11 | N4: =AVERAGE(B4:K4) -> 3.1
A5: Osoba4 | B5: 5 | C5: 5 | D5: 5 | E5: 5 | F5: 5 | G5: 5 | H5: 5 | I5: 5 | J5: 5 | K5: 5 | L5: 108 MPix | M5: Android 15 | N5: =AVERAGE(B5:K5) -> 5
A6: Osoba5 | B6: 4 | C6: 4 | D6: 1 | E6: 4 | F6: 3 | G6: 2 | H6: 1 | I6: 2 | J6: 1 | K6: 1 | L6: 12 MPix | M6: Android 9 | N6: =AVERAGE(B6:K6) -> 2.3
A7: Osoba6 | B7: 5 | C7: 5 | D7: 5 | E7: 5 | F7: 5 | G7: 5 | H7: 5 | I7: 5 | J7: 5 | K7: 4 | L7: 50 MPix | M7: Android 13 | N7: =AVERAGE(B7:K7) -> 4.9
A8: Osoba7 | B8: 4 | C8: 4 | D8: 2 | E8: 4 | F8: 3 | G8: 2 | H8: 2 | I8: 3 | J8: 1 | K8: 1 | L8: 16 MPix | M8: Android 10 | N8: =AVERAGE(B8:K8) -> 2.6
A9: Osoba8 | B9: 5 | C9: 5 | D9: 5 | E9: 5 | F9: 5 | G9: 5 | H9: 5 | I9: 5 | J9: 5 | K9: 5 | L9: 200 MPix | M9: Android 14 | N9: =AVERAGE(B9:K9) -> 5
A10: Osoba9 | B10: 4 | C10: 4 | D10: 3 | E10: 4 | F10: 4 | G10: 3 | H10: 2 | I10: 3 | J10: 2 | K10: 2 | L10: 32 MPix | M10: Android 12 | N10: =AVERAGE(B10:K10) -> 3.1
A11: Osoba10 | B11: 5 | C11: 4 | D11: 2 | E11: 4 | F11: 3 | G11: 2 | H11: 1 | I11: 2 | J11: 1 | K11: 1 | L11: 12 MPix | M11: Android 8 | N11: =AVERAGE(B11:K11) -> 2.5
A12: Osoba11 | B12: 5 | C12: 5 | D12: 4 | E12: 5 | F12: 4 | G12: 4 | H12: 4 | I12: 4 | J12: 3 | K12: 3 | L12: 48 MPix | M12: Android 13 | N12: =AVERAGE(B12:K12) -> 4.1
A13: Osoba12 | B13: 5 | C13: 5 | D13: 5 | E13: 5 | F13: 5 | G13: 5 | H13: 5 | I13: 5 | J13: 4 | K13: 5 | L13: 64 MPix | M13: Android 12 | N13: =AVERAGE(B13:K13) -> 4.9
... A26: Osoba25 | B26: 5 | C26: 5 | D26: 5 | E26: 5 | F26: 5 | G26: 5 | H26: 5 | I26: 5 | J26: 5 | K26: 5 | L26: 108 MPix | M26: Android 15 | N26: =AVERAGE(B26:K26) -> 5

Sheet Agregirani podatci
A1: Naziv formule / jednadžbe | B1: < 50 MPix | C1: ≥ 50 MPix
A2: Osnovna linearna jednadžba | B2: {=SUM(SUMIFS(Rezultati!B$2:B$26, Rezultati!$L$2:$L$26, {"12 MPix";"16 MPix";"20 MPix";"32 MPix";"48 MPix"})) / SUM(COUNTIFS(Rezultati!$L$2:$L$26, {"12 MPix";"16 MPix";"20 MPix";"32 MPix";"48 MPix"}))} -> 4.2857143 | C2: {=SUM(SUMIFS(Rezultati!B$2:B$26, Rezultati!$L$2:$L$26, {"50 MPix";"64 MPix";"108 MPix";"200 MPix"})) / SUM(COUNTIFS(Rezultati!$L$2:$L$26, {"50 MPix";"64 MPix";"108 MPix";"200 MPix"}))} -> 5
A3: Newtonov zakon | B3: {=SUM(SUMIFS(Rezultati!C$2:C$26, Rezultati!$L$2:$L$26, {"12 MPix";"16 MPix";"20 MPix";"32 MPix";"48 MPix"})) / SUM(COUNTIFS(Rezultati!$L$2:$L$26, {"12 MPix";"16 MPix";"20 MPix";"32 MPix";"48 MPix"}))} -> 4.0714286 | C3: {=SUM(SUMIFS(Rezultati!C$2:C$26, Rezultati!$L$2:$L$26, {"50 MPix";"64 MPix";"108 MPix";"200 MPix"})) / SUM(COUNTIFS(Rezultati!$L$2:$L$26, {"50 MPix";"64 MPix";"108 MPix";"200 MPix"}))} -> 5
A4: Einsteinova formula | B4: {=SUM(SUMIFS(Rezultati!D$2:D$26, Rezultati!$L$2:$L$26, {"12 MPix";"16 MPix";"20 MPix";"32 MPix";"48 MPix"})) / SUM(COUNTIFS(Rezultati!$L$2:$L$26, {"12 MPix";"16 MPix";"20 MPix";"32 MPix";"48 MPix"}))} -> 2.2142857 | C4: {=SUM(SUMIFS(Rezultati!D$2:D$26, Rezultati!$L$2:$L$26, {"50 MPix";"64 MPix";"108 MPix";"200 MPix"})) / SUM(COUNTIFS(Rezultati!$L$2:$L$26, {"50 MPix";"64 MPix";"108 MPix";"200 MPix"}))} -> 4.9090909
A5: Gustoća | B5: {=SUM(SUMIFS(Rezultati!E$2:E$26, Rezultati!$L$2:$L$26, {"12 MPix";"16 MPix";"20 MPix";"32 MPix";"48 MPix"})) / SUM(COUNTIFS(Rezultati!$L$2:$L$26, {"12 MPix";"16 MPix";"20 MPix";"32 MPix";"48 MPix"}))} -> 4.2142857 | C5: {=SUM(SUMIFS(Rezultati!E$2:E$26, Rezultati!$L$2:$L$26, {"50 MPix";"64 MPix";"108 MPix";"200 MPix"})) / SUM(COUNTIFS(Rezultati!$L$2:$L$26, {"50 MPix";"64 MPix";"108 MPix";"200 MPix"}))} -> 5
A6: Idealni plinski zakon | B6: {=SUM(SUMIFS(Rezultati!F$2:F$26, Rezultati!$L$2:$L$26, {"12 MPix";"16 MPix";"20 MPix";"32 MPix";"48 MPix"})) / SUM(COUNTIFS(Rezultati!$L$2:$L$26, {"12 MPix";"16 MPix";"20 MPix";"32 MPix";"48 MPix"}))} -> 3.5 | C6: {=SUM(SUMIFS(Rezultati!F$2:F$26, Rezultati!$L$2:$L$26, {"50 MPix";"64 MPix";"108 MPix";"200 MPix"})) / SUM(COUNTIFS(Rezultati!$L$2:$L$26, {"50 MPix";"64 MPix";"108 MPix";"200 MPix"}))} -> 5
A7: Pitagorin poučak | B7: {=SUM(SUMIFS(Rezultati!G$2:G$26, Rezultati!$L$2:$L$26, {"12 MPix";"16 MPix";"20 MPix";"32 MPix";"48 MPix"})) / SUM(COUNTIFS(Rezultati!$L$2:$L$26, {"12 MPix";"16 MPix";"20 MPix";"32 MPix";"48 MPix"}))} -> 2.1428571 | C7: {=SUM(SUMIFS(Rezultati!G$2:G$26, Rezultati!$L$2:$L$26, {"50 MPix";"64 MPix";"108 MPix";"200 MPix"})) / SUM(COUNTIFS(Rezultati!$L$2:$L$26, {"50 MPix";"64 MPix";"108 MPix";"200 MPix"}))} -> 4.9090909
A8: Kvadrat zbroja | B8: {=SUM(SUMIFS(Rezultati!H$2:H$26, Rezultati!$L$2:$L$26, {"12 MPix";"16 MPix";"20 MPix";"32 MPix";"48 MPix"})) / SUM(COUNTIFS(Rezultati!$L$2:$L$26, {"12 MPix";"16 MPix";"20 MPix";"32 MPix";"48 MPix"}))} -> 2.0714286 | C8: {=SUM(SUMIFS(Rezultati!H$2:H$26, Rezultati!$L$2:$L$26, {"50 MPix";"64 MPix";"108 MPix";"200 MPix"})) / SUM(COUNTIFS(Rezultati!$L$2:$L$26, {"50 MPix";"64 MPix";"108 MPix";"200 MPix"}))} -> 4.9090909
A9: Diferencijalni račun | B9: {=SUM(SUMIFS(Rezultati!I$2:I$26, Rezultati!$L$2:$L$26, {"12 MPix";"16 MPix";"20 MPix";"32 MPix";"48 MPix"})) / SUM(COUNTIFS(Rezultati!$L$2:$L$26, {"12 MPix";"16 MPix";"20 MPix";"32 MPix";"48 MPix"}))} -> 2.7857143 | C9: {=SUM(SUMIFS(Rezultati!I$2:I$26, Rezultati!$L$2:$L$26, {"50 MPix";"64 MPix";"108 MPix";"200 MPix"})) / SUM(COUNTIFS(Rezultati!$L$2:$L$26, {"50 MPix";"64 MPix";"108 MPix";"200 MPix"}))} -> 4.8181818
A10: Kvadratna jednadžba s korijenom | B10: {=SUM(SUMIFS(Rezultati!J$2:J$26, Rezultati!$L$2:$L$26, {"12 MPix";"16 MPix";"20 MPix";"32 MPix";"48 MPix"})) / SUM(COUNTIFS(Rezultati!$L$2:$L$26, {"12 MPix";"16 MPix";"20 MPix";"32 MPix";"48 MPix"}))} -> 1.5 | C10: {=SUM(SUMIFS(Rezultati!J$2:J$26, Rezultati!$L$2:$L$26, {"50 MPix";"64 MPix";"108 MPix";"200 MPix"})) / SUM(COUNTIFS(Rezultati!$L$2:$L$26, {"50 MPix";"64 MPix";"108 MPix";"200 MPix"}))} -> 4.7272727
A11: Napredni termodinamički omjer | B11: {=SUM(SUMIFS(Rezultati!K$2:K$26, Rezultati!$L$2:$L$26, {"12 MPix";"16 MPix";"20 MPix";"32 MPix";"48 MPix"})) / SUM(COUNTIFS(Rezultati!$L$2:$L$26, {"12 MPix";"16 MPix";"20 MPix";"32 MPix";"48 MPix"}))} -> 1.5 | C11: {=SUM(SUMIFS(Rezultati!K$2:K$26, Rezultati!$L$2:$L$26, {"50 MPix";"64 MPix";"108 MPix";"200 MPix"})) / SUM(COUNTIFS(Rezultati!$L$2:$L$26, {"50 MPix";"64 MPix";"108 MPix";"200 MPix"}))} -> 4.4545455
